{"cameraMode":{"drawMode":0,"name":"Shaded","section":"Shading Mode"},"sceneLighting":false,"audioPlay":false,"sceneViewState":{"showFog":true,"showMaterialUpdate":false,"showSkybox":false,"showFlares":true,"showImageEffects":true,"showParticleSystems":true},"in2DMode":false,"pivot":{"x":20.837890625,"y":16.952999114990236,"z":-1.7920517921447755},"rotation":{"x":-0.08917728066444397,"y":0.8594622611999512,"z":-0.16067034006118775,"w":-0.4770300090312958},"size":1.4289417266845704,"orthographic":false}